<?xml version="1.0" encoding="UTF-8"?>
<configuration>

    <sequenceNumberGenerator class="ch.qos.logback.core.spi.BasicSequenceNumberGenerator"/>

    <appender class="ch.qos.logback.core.ConsoleAppender" name="STDOUT">
        <encoder>
            <pattern>%d{HH:mm:ss.SSS} [%thread] %-5level %logger{36} - %msg%n</pattern>
        </encoder>
    </appender>

    <appender class="ch.qos.logback.core.rolling.RollingFileAppender"
              name="FILE">
        <encoder class="ch.qos.logback.classic.encoder.PatternLayoutEncoder">
            <Pattern>%d{HH:mm:ss.SSS} [%thread] %-5level %logger{36} - %msg%n
            </Pattern>
        </encoder>
        <file>${VRIPPER_DIR}/vripper.log</file>
        <rollingPolicy class="ch.qos.logback.core.rolling.SizeAndTimeBasedRollingPolicy">
            <fileNamePattern>${VRIPPER_DIR}/vripper.%d{yyyy-MM-dd}.%i.log.gz</fileNamePattern>
            <maxFileSize>10MB</maxFileSize>
            <maxHistory>5</maxHistory>
        </rollingPolicy>
    </appender>

    <appender name="RING" class="me.vripper.RingAppender"/>

    <logger name="me.vripper" level="info"/>
    <logger name="Exposed" level="off"/>
    <logger name="org.springframework.web.socket.config.WebSocketMessageBrokerStats" level="off"/>
    <Logger name="org.apache.hc.client5.http" level="off"/>
    <Logger name="org.apache.hc.client5.http.wire" level="off"/>

    <root level="INFO">
        <appender-ref ref="STDOUT"/>
        <appender-ref ref="FILE"/>
        <appender-ref ref="RING"/>
    </root>
</configuration>
